{
    "YANDEX_API_KEY": "08fbc9fc-70ff-4d57-a8eb-3125037591c5",
    "CITY": [53.902284, 27.561831],
    "ZOOM": 12
}